date,open,close,high,low,volume,turnover,amplitude,change,change amount,turnover rate
2019-01-02,7.9,7.86,7.95,7.74,237628,229625669.0,2.64,-1.26,-0.1,0.08
2019-01-03,7.86,7.97,7.98,7.82,186543,181975985.0,2.04,1.4,0.11,0.07
2019-01-04,7.89,8.12,8.16,7.86,271728,268964560.0,3.76,1.88,0.15,0.1
2019-01-07,8.25,8.14,8.25,8.08,235974,235440197.0,2.09,0.25,0.02,0.08
2019-01-08,8.19,8.12,8.19,8.07,151049,150501650.0,1.47,-0.25,-0.02,0.05
2019-01-09,8.22,8.15,8.32,8.14,231637,233890281.0,2.22,0.37,0.03,0.08
2019-01-10,8.1,8.12,8.18,8.08,159236,158718755.0,1.23,-0.37,-0.03,0.06
2019-01-11,8.19,8.21,8.31,8.12,190691,191290102.0,2.34,1.11,0.09,0.07
2019-01-14,8.19,8.22,8.26,8.17,203528,204659052.0,1.1,0.12,0.01,0.07
2019-01-15,8.26,8.27,8.31,8.21,156321,158126136.0,1.22,0.61,0.05,0.06
2019-01-16,8.26,8.29,8.31,8.23,129883,131354721.0,0.97,0.24,0.02,0.05
2019-01-17,8.33,8.33,8.44,8.23,227660,232114667.0,2.53,0.48,0.04,0.08
2019-01-18,8.45,8.59,8.6,8.38,290871,300979120.0,2.64,3.12,0.26,0.1
2019-01-21,8.52,8.51,8.62,8.46,189478,196394076.0,1.86,-0.93,-0.08,0.07
2019-01-22,8.54,8.41,8.54,8.39,162506,167165417.0,1.76,-1.18,-0.1,0.06
2019-01-23,8.45,8.43,8.5,8.41,165203,170289907.0,1.07,0.24,0.02,0.06
2019-01-24,8.5,8.54,8.55,8.43,150067,155265972.0,1.42,1.3,0.11,0.05
2019-01-25,8.61,8.66,8.72,8.54,196966,206935398.0,2.11,1.41,0.12,0.07
2019-01-28,8.69,8.58,8.82,8.55,217691,229185387.0,3.12,-0.92,-0.08,0.08
2019-01-29,8.55,8.74,8.79,8.54,237680,250301612.0,2.91,1.86,0.16,0.08
2019-01-30,8.75,8.66,8.8,8.63,160543,169387635.0,1.95,-0.92,-0.08,0.06
2019-01-31,8.75,8.89,8.89,8.67,251310,267614893.0,2.54,2.66,0.23,0.09
2019-02-01,8.98,8.93,8.98,8.78,191193,204604273.0,2.25,0.45,0.04,0.07
2019-02-11,8.78,8.86,8.89,8.78,202166,215903077.0,1.23,-0.78,-0.07,0.07
2019-02-12,8.87,8.88,8.89,8.79,167696,179099038.0,1.13,0.23,0.02,0.06
2019-02-13,8.9,9.02,9.09,8.84,302487,325845952.0,2.82,1.58,0.14,0.11
2019-02-14,9.01,8.98,9.07,8.96,198153,215023175.0,1.22,-0.44,-0.04,0.07
2019-02-15,8.94,8.82,9.01,8.82,177588,190960435.0,2.12,-1.78,-0.16,0.06
2019-02-18,8.91,9.0,9.03,8.86,201022,217621153.0,1.93,2.04,0.18,0.07
2019-02-19,9.01,8.96,9.12,8.94,259527,281465136.0,2.0,-0.44,-0.04,0.09
2019-02-20,9.08,8.99,9.08,8.97,222863,242111573.0,1.23,0.33,0.03,0.08
2019-02-21,8.99,8.95,9.09,8.91,254024,275374192.0,2.0,-0.44,-0.04,0.09
2019-02-22,8.92,9.17,9.17,8.92,259074,281913760.0,2.79,2.46,0.22,0.09
2019-02-25,9.19,10.08,10.11,9.19,937123,1075040672.0,10.03,9.92,0.91,0.33
2019-02-26,10.07,9.81,10.31,9.76,836433,990289728.0,5.46,-2.68,-0.27,0.3
2019-02-27,9.87,9.99,10.23,9.83,712016,843023424.0,4.08,1.83,0.18,0.25
2019-02-28,9.99,9.9,10.08,9.84,393934,464139456.0,2.4,-0.9,-0.09,0.14
2019-03-01,9.97,10.18,10.22,9.76,632546,747753344.0,4.65,2.83,0.28,0.23
2019-03-04,10.28,10.18,10.54,10.11,850248,1030561504.0,4.22,0.0,0.0,0.3
2019-03-05,10.17,10.14,10.2,10.03,545642,652552208.0,1.67,-0.39,-0.04,0.19
2019-03-06,10.15,10.18,10.31,10.02,536932,644243056.0,2.86,0.39,0.04,0.19
2019-03-07,10.19,10.04,10.2,10.03,526188,628390864.0,1.67,-1.38,-0.14,0.19
2019-03-08,9.88,9.66,9.88,9.52,526705,609490592.0,3.59,-3.78,-0.38,0.19
2019-03-11,9.6,9.63,9.75,9.52,399220,457056512.0,2.38,-0.31,-0.03,0.14
2019-03-12,9.75,9.6,9.85,9.56,522118,602940688.0,3.01,-0.31,-0.03,0.19
2019-03-13,9.57,9.6,9.72,9.46,413730,472974752.0,2.71,0.0,0.0,0.15
2019-03-14,9.62,9.62,9.74,9.59,343379,395468496.0,1.56,0.21,0.02,0.12
2019-03-15,9.63,9.59,9.76,9.59,337693,388244480.0,1.77,-0.31,-0.03,0.12
2019-03-18,9.61,9.75,9.76,9.53,438796,503915216.0,2.4,1.67,0.16,0.16
2019-03-19,9.79,9.71,9.83,9.67,275002,318521472.0,1.64,-0.41,-0.04,0.1
2019-03-20,9.68,9.71,9.8,9.65,273254,315587216.0,1.54,0.0,0.0,0.1
2019-03-21,9.72,9.62,9.75,9.6,350370,403573248.0,1.54,-0.93,-0.09,0.12
2019-03-22,9.65,9.55,9.67,9.47,354364,403972784.0,2.08,-0.73,-0.07,0.13
2019-03-25,9.44,9.19,9.45,9.17,577166,642860112.0,2.93,-3.77,-0.36,0.21
2019-03-26,9.27,9.25,9.3,9.19,307957,341425280.0,1.2,0.65,0.06,0.11
2019-03-27,9.27,9.24,9.4,9.2,421245,469246320.0,2.16,-0.11,-0.01,0.15
2019-03-28,9.19,9.19,9.21,9.06,292961,321585856.0,1.62,-0.54,-0.05,0.1
2019-03-29,9.14,9.44,9.46,9.14,605263,678436544.0,3.48,2.72,0.25,0.22
2019-04-01,9.52,9.6,9.68,9.45,706374,808657536.0,2.44,1.69,0.16,0.25
2019-04-02,9.66,9.6,9.68,9.57,467147,534896816.0,1.15,0.0,0.0,0.17
2019-04-03,9.53,9.66,9.7,9.5,502710,575799440.0,2.08,0.63,0.06,0.18
2019-04-04,9.71,9.87,9.87,9.7,752325,876099552.0,1.76,2.17,0.21,0.27
2019-04-08,9.95,9.88,10.12,9.81,778704,920513536.0,3.14,0.1,0.01,0.28
2019-04-09,9.88,9.7,9.91,9.65,568960,660406224.0,2.63,-1.82,-0.18,0.2
2019-04-10,9.66,9.64,9.72,9.58,410275,470666656.0,1.44,-0.62,-0.06,0.15
2019-04-11,9.63,9.63,9.75,9.51,501728,575765344.0,2.49,-0.1,-0.01,0.18
2019-04-12,9.63,9.65,9.72,9.59,262737,301752032.0,1.35,0.21,0.02,0.09
2019-04-15,9.83,9.63,9.93,9.62,705092,823853440.0,3.21,-0.21,-0.02,0.25
2019-04-16,9.62,10.11,10.15,9.59,1006654,1188260128.0,5.82,4.98,0.48,0.36
2019-04-17,10.12,10.07,10.25,10.04,681572,816127040.0,2.08,-0.4,-0.04,0.24
2019-04-18,10.07,10.07,10.21,10.0,430490,513835264.0,2.09,0.0,0.0,0.15
2019-04-19,10.17,10.17,10.36,10.02,560130,672739664.0,3.38,0.99,0.1,0.2
2019-04-22,10.18,9.87,10.23,9.84,533894,631192352.0,3.83,-2.95,-0.3,0.19
2019-04-23,9.84,9.86,9.96,9.79,338477,396659664.0,1.72,-0.1,-0.01,0.12
2019-04-24,9.92,9.78,9.93,9.67,382011,444929312.0,2.64,-0.81,-0.08,0.14
2019-04-25,9.72,9.7,9.85,9.64,408761,473973520.0,2.15,-0.82,-0.08,0.15
2019-04-26,9.59,9.48,9.72,9.44,424696,485267264.0,2.89,-2.27,-0.22,0.15
2019-04-29,9.51,9.64,9.7,9.5,385869,442046720.0,2.11,1.69,0.16,0.14
2019-04-30,9.86,10.13,10.25,9.86,1234747,1466714704.0,4.05,5.08,0.49,0.44
2019-05-06,9.91,9.96,10.02,9.7,1245454,1460217056.0,3.16,-1.68,-0.17,0.44
2019-05-07,9.98,9.96,10.1,9.76,854899,1010271120.0,3.41,0.0,0.0,0.3
2019-05-08,9.8,9.67,9.94,9.65,585001,677487376.0,2.91,-2.91,-0.29,0.21
2019-05-09,9.64,9.28,9.72,9.26,641280,722119104.0,4.76,-4.03,-0.39,0.23
2019-05-10,9.39,9.48,9.58,9.22,485507,548884304.0,3.88,2.16,0.2,0.17
2019-05-13,9.36,9.47,9.56,9.31,402850,455643056.0,2.64,-0.11,-0.01,0.14
2019-05-14,9.34,9.37,9.6,9.33,418890,473151520.0,2.85,-1.06,-0.1,0.15
2019-05-15,9.44,9.48,9.58,9.39,344045,389533440.0,2.03,1.17,0.11,0.12
2019-05-16,9.44,9.46,9.52,9.38,341418,385015232.0,1.48,-0.21,-0.02,0.12
2019-05-17,9.48,9.4,9.51,9.36,383998,433108016.0,1.59,-0.63,-0.06,0.14
2019-05-20,9.44,9.5,9.6,9.41,349044,396448400.0,2.02,1.06,0.1,0.12
2019-05-21,9.49,9.48,9.61,9.47,329759,374972624.0,1.47,-0.21,-0.02,0.12
2019-05-22,9.48,9.32,9.5,9.28,400004,447828816.0,2.32,-1.69,-0.16,0.14
2019-05-23,9.28,9.26,9.31,9.11,363127,401709184.0,2.15,-0.64,-0.06,0.13
2019-05-24,9.33,9.27,9.38,9.16,241603,269312448.0,2.38,0.11,0.01,0.09
2019-05-27,9.25,9.38,9.42,9.12,350879,390018816.0,3.24,1.19,0.11,0.12
2019-05-28,9.35,9.45,9.46,9.18,722781,809741248.0,2.99,0.75,0.07,0.26
2019-05-29,9.33,9.28,9.45,9.23,408610,455620576.0,2.33,-1.8,-0.17,0.15
2019-05-30,9.34,9.27,9.34,9.19,266500,295267456.0,1.62,-0.11,-0.01,0.09
2019-05-31,9.27,9.29,9.39,9.21,369767,412819776.0,1.94,0.22,0.02,0.13
2019-06-03,9.33,9.44,9.45,9.29,304921,342326272.0,1.72,1.61,0.15,0.11
2019-06-04,9.45,9.51,9.53,9.42,250774,283826816.0,1.17,0.74,0.07,0.09
2019-06-05,9.59,9.57,9.68,9.51,314236,359479712.0,1.79,0.63,0.06,0.11
2019-06-06,9.67,9.63,9.67,9.54,264272,303162736.0,1.36,0.63,0.06,0.09
2019-06-10,9.73,9.77,9.86,9.69,431838,502599184.0,1.77,1.45,0.14,0.15
2019-06-11,9.86,9.93,9.96,9.78,522662,594464064.0,1.84,1.64,0.16,0.19
2019-06-12,9.93,10.11,10.21,9.91,506352,584680928.0,3.02,1.81,0.18,0.18
2019-06-13,10.08,10.21,10.3,10.01,469660,548220000.0,2.87,0.99,0.1,0.17
2019-06-14,10.25,10.3,10.38,10.22,473852,558641888.0,1.57,0.88,0.09,0.17
2019-06-17,10.29,10.28,10.43,10.26,352201,416594832.0,1.65,-0.19,-0.02,0.13
2019-06-18,10.33,10.33,10.41,10.23,289651,341904864.0,1.75,0.49,0.05,0.1
2019-06-19,10.55,10.39,10.58,10.32,449277,537339840.0,2.52,0.58,0.06,0.16
2019-06-20,10.46,10.71,10.83,10.36,716475,869024544.0,4.52,3.08,0.32,0.25
2019-06-21,10.69,10.6,10.81,10.54,553812,670759376.0,2.52,-1.03,-0.11,0.2
2019-06-24,10.6,10.54,10.64,10.47,341953,411172368.0,1.6,-0.57,-0.06,0.12
2019-06-25,10.49,10.17,10.49,10.02,803594,940465136.0,4.46,-3.51,-0.37,0.29
2019-06-26,10.07,10.17,10.24,10.06,369732,431115056.0,1.77,0.0,0.0,0.13
2019-06-27,10.19,10.15,10.35,10.06,479978,561472048.0,2.85,-0.2,-0.02,0.17
2019-06-28,10.18,10.19,10.19,10.05,295452,343056320.0,1.38,0.39,0.04,0.11
2019-07-01,10.37,10.22,10.43,10.2,548879,646405200.0,2.26,0.29,0.03,0.2
2019-07-02,10.23,10.12,10.25,10.08,511657,595072192.0,1.66,-0.98,-0.1,0.18
2019-07-03,10.13,10.07,10.14,10.02,365671,422580464.0,1.19,-0.49,-0.05,0.13
2019-07-04,10.12,10.13,10.18,10.08,303692,352968336.0,0.99,0.6,0.06,0.11
2019-07-05,10.14,10.08,10.15,10.04,257532,298158880.0,1.09,-0.49,-0.05,0.09
2019-07-08,10.07,9.87,10.08,9.82,347107,395611376.0,2.58,-2.08,-0.21,0.12
2019-07-09,9.91,9.88,9.94,9.84,218854,248524017.0,1.01,0.1,0.01,0.08
2019-07-10,9.94,9.86,9.94,9.82,234099,265773696.0,1.21,-0.2,-0.02,0.08
2019-07-11,9.94,9.91,9.97,9.85,232858,265672149.0,1.22,0.51,0.05,0.08
2019-07-12,9.9,10.03,10.13,9.9,348170,400591792.0,2.32,1.21,0.12,0.12
2019-07-15,9.91,10.01,10.05,9.73,403056,459022368.0,3.19,-0.2,-0.02,0.14
2019-07-16,10.01,10.06,10.08,9.95,216060,248901949.0,1.3,0.5,0.05,0.08
2019-07-17,10.0,9.99,10.08,9.97,174804,201420080.0,1.09,-0.7,-0.07,0.06
2019-07-18,10.04,10.0,10.04,9.96,182600,209938962.0,0.8,0.1,0.01,0.06
2019-07-19,10.02,10.09,10.14,10.0,196196,227078769.0,1.4,0.9,0.09,0.07
2019-07-22,10.05,9.99,10.14,9.98,256179,295840608.0,1.59,-0.99,-0.1,0.09
2019-07-23,9.94,10.0,10.07,9.94,179279,206511000.0,1.3,0.1,0.01,0.06
2019-07-24,10.05,10.1,10.19,10.04,241123,279914880.0,1.5,1.0,0.1,0.09
2019-07-25,10.08,10.39,10.47,10.08,559002,660037408.0,3.86,2.87,0.29,0.2
2019-07-26,10.34,10.38,10.45,10.32,303690,360677456.0,1.25,-0.1,-0.01,0.11
2019-07-29,10.41,10.37,10.45,10.31,214650,254289650.0,1.35,-0.1,-0.01,0.08
2019-07-30,10.35,10.37,10.51,10.35,337310,401937920.0,1.54,0.0,0.0,0.12
2019-07-31,10.32,10.38,10.45,10.24,306508,362607632.0,2.03,0.1,0.01,0.11
2019-08-01,10.27,10.16,10.36,10.14,324717,380252160.0,2.12,-2.12,-0.22,0.12
2019-08-02,9.99,9.99,10.07,9.92,389761,447723840.0,1.48,-1.67,-0.17,0.14
2019-08-05,9.93,9.75,9.97,9.74,427191,483523856.0,2.3,-2.4,-0.24,0.15
2019-08-06,9.61,9.6,9.74,9.48,452039,501885632.0,2.67,-1.54,-0.15,0.16
2019-08-07,9.65,9.58,9.67,9.56,314621,349267408.0,1.15,-0.21,-0.02,0.11
2019-08-08,9.66,9.77,9.82,9.62,332581,373205584.0,2.09,1.98,0.19,0.12
2019-08-09,9.82,9.88,9.92,9.77,406380,461422064.0,1.54,1.13,0.11,0.14
2019-08-12,9.84,9.94,9.96,9.82,349891,398523216.0,1.42,0.61,0.06,0.12
2019-08-13,9.91,9.84,9.91,9.8,188400,213447653.0,1.11,-1.01,-0.1,0.07
2019-08-14,9.93,9.79,9.99,9.79,198745,225555663.0,2.03,-0.51,-0.05,0.07
2019-08-15,9.67,9.8,9.83,9.63,191012,214656224.0,2.04,0.1,0.01,0.07
2019-08-16,9.76,9.73,9.85,9.72,248236,279706608.0,1.33,-0.71,-0.07,0.09
2019-08-19,9.73,9.89,9.89,9.59,382533,430744320.0,3.08,1.64,0.16,0.14
2019-08-20,9.81,9.88,9.98,9.79,237581,270727984.0,1.92,-0.1,-0.01,0.08
2019-08-21,9.86,9.92,9.95,9.85,146565,167119481.0,1.01,0.4,0.04,0.05
2019-08-22,9.94,9.94,9.96,9.88,158668,180907933.0,0.81,0.2,0.02,0.06
2019-08-23,9.9,10.1,10.1,9.89,336554,387195408.0,2.11,1.61,0.16,0.12
2019-08-26,9.9,9.81,9.95,9.66,418452,472500384.0,2.87,-2.87,-0.29,0.15
2019-08-27,9.88,9.81,10.08,9.81,662475,756664144.0,2.75,0.0,0.0,0.24
2019-08-28,9.88,9.83,9.91,9.81,255256,289685360.0,1.02,0.2,0.02,0.09
2019-08-29,9.81,9.74,9.86,9.69,280496,315060608.0,1.73,-0.92,-0.09,0.1
2019-08-30,9.85,9.79,9.88,9.73,254240,287099392.0,1.54,0.51,0.05,0.09
2019-09-02,9.81,9.85,9.93,9.75,277499,315706928.0,1.84,0.61,0.06,0.1
2019-09-03,9.9,9.86,9.92,9.82,162866,184932344.0,1.02,0.1,0.01,0.06
2019-09-04,9.91,10.0,10.01,9.87,306710,350981216.0,1.42,1.42,0.14,0.11
2019-09-05,10.01,10.13,10.25,10.01,468280,544694736.0,2.4,1.3,0.13,0.17
2019-09-06,10.19,10.2,10.21,10.09,343921,400477408.0,1.18,0.69,0.07,0.12
2019-09-09,10.29,10.26,10.3,10.19,400594,470186976.0,1.08,0.59,0.06,0.14
2019-09-10,10.3,10.36,10.37,10.2,370411,437072480.0,1.66,0.97,0.1,0.13
2019-09-11,10.36,10.46,10.51,10.36,390637,466909328.0,1.45,0.97,0.1,0.14
2019-09-12,10.59,10.51,10.6,10.43,261048,313028160.0,1.63,0.48,0.05,0.09
2019-09-16,10.5,10.44,10.52,10.34,254891,303225648.0,1.71,-0.67,-0.07,0.09
2019-09-17,10.47,10.32,10.52,10.28,335589,399569104.0,2.3,-1.15,-0.12,0.12
2019-09-18,10.45,10.44,10.51,10.38,313873,375059088.0,1.26,1.16,0.12,0.11
2019-09-19,10.51,10.45,10.51,10.39,237422,283084512.0,1.15,0.1,0.01,0.08
2019-09-20,10.5,10.46,10.5,10.36,401093,478010544.0,1.34,0.1,0.01,0.14
2019-09-23,10.41,10.26,10.43,10.19,277108,325475280.0,2.29,-1.91,-0.2,0.1
2019-09-24,10.32,10.26,10.37,10.24,218710,257910160.0,1.27,0.0,0.0,0.08
2019-09-25,10.26,10.32,10.46,10.2,301364,356897104.0,2.53,0.58,0.06,0.11
2019-09-26,10.39,10.48,10.69,10.35,727265,876687792.0,3.29,1.55,0.16,0.26
2019-09-27,10.46,10.41,10.5,10.27,368079,437372192.0,2.19,-0.67,-0.07,0.13
2019-09-30,10.36,10.35,10.58,10.32,359476,430109104.0,2.5,-0.58,-0.06,0.13
2019-10-08,10.31,10.41,10.54,10.31,324159,386027568.0,2.22,0.58,0.06,0.12
2019-10-09,10.33,10.5,10.64,10.31,422096,506474304.0,3.17,0.86,0.09,0.15
2019-10-10,10.53,10.47,10.55,10.42,272612,326023328.0,1.24,-0.29,-0.03,0.1
2019-10-11,10.56,10.96,10.96,10.51,920308,1131441680.0,4.3,4.68,0.49,0.33
2019-10-14,11.1,11.45,11.73,11.03,1239701,1596408960.0,6.39,4.47,0.49,0.44
2019-10-15,11.46,11.6,11.65,11.37,733946,952804784.0,2.45,1.31,0.15,0.26
2019-10-16,11.59,11.59,11.84,11.41,670022,876221008.0,3.71,-0.09,-0.01,0.24
2019-10-17,11.58,11.68,11.76,11.54,478693,628571152.0,1.9,0.78,0.09,0.17
2019-10-18,11.75,11.29,11.8,11.23,649929,840281776.0,4.88,-3.34,-0.39,0.23
2019-10-21,11.31,11.42,11.54,11.26,389963,502880208.0,2.48,1.15,0.13,0.14
2019-10-22,11.54,11.44,11.56,11.28,313963,404182672.0,2.45,0.18,0.02,0.11
2019-10-23,11.4,11.37,11.46,11.28,328214,422141008.0,1.57,-0.61,-0.07,0.12
2019-10-24,11.49,11.6,11.75,11.46,1031588,1347032672.0,2.55,2.02,0.23,0.37
2019-10-25,11.6,11.41,11.6,11.29,978764,1260246480.0,2.67,-1.64,-0.19,0.35
2019-10-28,11.26,11.21,11.39,11.16,723805,919894880.0,2.02,-1.75,-0.2,0.26
2019-10-29,11.25,11.28,11.36,11.13,526041,669546624.0,2.05,0.62,0.07,0.19
2019-10-30,11.26,11.1,11.3,11.03,537347,678152768.0,2.39,-1.6,-0.18,0.19
2019-10-31,11.19,11.02,11.21,11.01,333475,419182992.0,1.8,-0.72,-0.08,0.12
2019-11-01,11.01,11.26,11.34,10.95,627057,793656944.0,3.54,2.18,0.24,0.22
2019-11-04,11.26,11.25,11.4,11.2,497380,634816416.0,1.78,-0.09,-0.01,0.18
2019-11-05,11.25,11.46,11.7,11.2,742744,962257376.0,4.44,1.87,0.21,0.26
2019-11-06,11.46,11.43,11.61,11.37,460239,597016896.0,2.09,-0.26,-0.03,0.16
2019-11-07,11.46,11.27,11.46,11.22,462673,592408768.0,2.1,-1.4,-0.16,0.16
2019-11-08,11.31,11.08,11.32,11.07,488419,617218208.0,2.22,-1.69,-0.19,0.17
2019-11-11,10.99,10.8,10.99,10.8,385943,477989504.0,1.71,-2.53,-0.28,0.14
2019-11-12,10.82,10.75,10.87,10.68,392394,480742768.0,1.76,-0.46,-0.05,0.14
2019-11-13,10.72,10.74,10.8,10.66,322750,394505184.0,1.3,-0.09,-0.01,0.11
2019-11-14,10.74,10.65,10.78,10.61,289436,351795392.0,1.58,-0.84,-0.09,0.1
2019-11-15,10.73,10.66,10.77,10.63,273243,332797328.0,1.31,0.09,0.01,0.1
2019-11-18,10.68,10.75,10.86,10.64,287965,352880160.0,2.06,0.84,0.09,0.1
2019-11-19,10.71,10.74,10.82,10.69,293708,359115488.0,1.21,-0.09,-0.01,0.1
2019-11-20,10.68,10.55,10.73,10.52,380921,460234688.0,1.96,-1.77,-0.19,0.14
2019-11-21,10.51,10.47,10.55,10.42,346172,414077520.0,1.23,-0.76,-0.08,0.12
2019-11-22,10.52,10.5,10.57,10.45,295311,354250528.0,1.15,0.29,0.03,0.11
2019-11-25,10.54,10.58,10.65,10.51,251533,303962336.0,1.33,0.76,0.08,0.09
2019-11-26,10.66,10.57,10.68,10.49,596333,719075408.0,1.8,-0.09,-0.01,0.21
2019-11-27,10.58,10.5,10.58,10.41,287040,343598880.0,1.61,-0.66,-0.07,0.1
2019-11-28,10.51,10.47,10.52,10.43,177972,212826181.0,0.86,-0.29,-0.03,0.06
2019-11-29,10.44,10.42,10.58,10.4,245669,293541792.0,1.72,-0.48,-0.05,0.09
2019-12-02,10.47,10.38,10.48,10.33,221630,263131788.0,1.44,-0.38,-0.04,0.08
2019-12-03,10.32,10.37,10.41,10.28,195579,231361399.0,1.25,-0.1,-0.01,0.07
2019-12-04,10.29,10.26,10.34,10.21,247347,290465760.0,1.25,-1.06,-0.11,0.09
2019-12-05,10.3,10.4,10.4,10.27,249761,295963968.0,1.27,1.36,0.14,0.09
2019-12-06,10.43,10.43,10.46,10.34,206544,245635919.0,1.15,0.29,0.03,0.07
2019-12-09,10.41,10.41,10.44,10.36,173493,206211639.0,0.77,-0.19,-0.02,0.06
2019-12-10,10.39,10.37,10.42,10.37,153246,181988682.0,0.48,-0.38,-0.04,0.05
2019-12-11,10.39,10.49,10.5,10.36,334090,398582368.0,1.35,1.16,0.12,0.12
2019-12-12,10.5,10.41,10.5,10.39,270212,321917936.0,1.05,-0.76,-0.08,0.1
2019-12-13,10.49,10.63,10.63,10.45,595206,716034784.0,1.73,2.11,0.22,0.21
2019-12-16,10.63,10.64,10.66,10.51,379716,458170272.0,1.41,0.09,0.01,0.14
2019-12-17,10.68,10.9,11.02,10.61,574356,707895680.0,3.85,2.44,0.26,0.2
2019-12-18,10.87,10.91,11.01,10.85,345653,428827232.0,1.47,0.09,0.01,0.12
2019-12-19,10.91,10.92,11.01,10.89,237899,295686640.0,1.1,0.09,0.01,0.08
2019-12-20,10.92,10.93,11.06,10.89,401501,500592352.0,1.56,0.09,0.01,0.14
2019-12-23,10.97,10.71,10.97,10.68,370339,455979056.0,2.65,-2.01,-0.22,0.13
2019-12-24,10.72,10.79,10.8,10.71,216710,265496459.0,0.84,0.75,0.08,0.08
2019-12-25,10.8,10.75,10.8,10.71,136782,167407896.0,0.83,-0.37,-0.04,0.05
2019-12-26,10.77,10.8,10.83,10.74,157391,193083033.0,0.84,0.47,0.05,0.06
2019-12-27,10.76,10.83,10.94,10.76,279321,344832496.0,1.67,0.28,0.03,0.1
2019-12-30,10.78,10.85,10.87,10.63,410516,503090480.0,2.22,0.18,0.02,0.15
2019-12-31,10.83,10.88,10.89,10.72,319536,392736240.0,1.57,0.28,0.03,0.11
2020-01-02,10.98,10.98,11.15,10.96,516291,647446160.0,1.75,0.92,0.1,0.18
2020-01-03,11.08,11.11,11.14,10.98,380188,477053360.0,1.46,1.18,0.13,0.14
2020-01-06,11.03,10.97,11.16,10.93,410012,514432544.0,2.07,-1.26,-0.14,0.15
2020-01-07,11.02,11.01,11.11,10.97,284215,355811760.0,1.28,0.36,0.04,0.1
2020-01-08,10.92,10.83,10.96,10.76,352405,434980272.0,1.82,-1.63,-0.18,0.13
2020-01-09,10.9,10.88,10.94,10.86,261514,324168064.0,0.74,0.46,0.05,0.09
2020-01-10,10.88,10.9,10.93,10.82,183213,226580302.0,1.01,0.18,0.02,0.07
2020-01-13,10.91,10.92,10.92,10.82,207156,255982380.0,0.92,0.18,0.02,0.07
2020-01-14,10.91,10.94,11.2,10.9,299946,374971648.0,2.75,0.18,0.02,0.11
2020-01-15,10.92,10.76,10.96,10.76,318972,392531152.0,1.83,-1.65,-0.18,0.11
2020-01-16,10.79,10.71,10.82,10.67,224549,274130144.0,1.39,-0.46,-0.05,0.08
2020-01-17,10.73,10.74,10.8,10.67,175931,215028083.0,1.21,0.28,0.03,0.06
2020-01-20,10.77,10.76,10.78,10.7,237346,290296144.0,0.74,0.19,0.02,0.08
2020-01-21,10.71,10.59,10.76,10.55,317875,384580848.0,1.95,-1.58,-0.17,0.11
2020-01-22,10.21,10.28,10.35,10.16,781336,917203488.0,1.79,-2.93,-0.31,0.28
2020-01-23,10.26,9.86,10.26,9.83,765348,879151040.0,4.18,-4.09,-0.42,0.27
2020-02-03,8.73,8.98,9.2,8.73,953674,997686064.0,4.77,-8.92,-0.88,0.34
2020-02-04,9.02,9.17,9.25,8.99,667838,710434832.0,2.9,2.12,0.19,0.24
2020-02-05,9.2,9.21,9.29,9.09,450467,481639088.0,2.18,0.44,0.04,0.16
2020-02-06,9.32,9.3,9.37,9.16,380238,408101904.0,2.28,0.98,0.09,0.14
2020-02-07,9.24,9.37,9.42,9.18,318970,342581616.0,2.58,0.75,0.07,0.11
2020-02-10,9.27,9.28,9.35,9.22,340321,366391168.0,1.39,-0.96,-0.09,0.12
2020-02-11,9.33,9.37,9.46,9.29,348563,378583344.0,1.83,0.97,0.09,0.12
2020-02-12,9.35,9.37,9.39,9.27,263139,284693712.0,1.28,0.0,0.0,0.09
2020-02-13,9.33,9.27,9.39,9.27,226306,244794981.0,1.28,-1.07,-0.1,0.08
2020-02-14,9.27,9.37,9.39,9.25,223605,242102421.0,1.51,1.08,0.1,0.08
2020-02-17,9.39,9.69,9.72,9.37,413433,457641232.0,3.74,3.42,0.32,0.15
2020-02-18,9.6,9.57,9.69,9.55,301627,334474240.0,1.44,-1.24,-0.12,0.11
2020-02-19,9.59,9.62,9.75,9.55,251002,279375280.0,2.09,0.52,0.05,0.09
2020-02-20,9.68,9.74,9.78,9.57,366564,408938112.0,2.18,1.25,0.12,0.13
2020-02-21,9.74,9.81,9.9,9.72,389494,439706992.0,1.85,0.72,0.07,0.14
2020-02-24,9.74,9.67,9.85,9.61,447386,501186016.0,2.45,-1.43,-0.14,0.16
2020-02-25,9.58,9.6,9.66,9.52,483246,535241824.0,1.45,-0.72,-0.07,0.17
2020-02-26,9.52,9.71,9.84,9.52,519063,581437744.0,3.33,1.15,0.11,0.18
2020-02-27,9.71,9.72,9.81,9.64,330298,370549712.0,1.75,0.1,0.01,0.12
2020-02-28,9.62,9.36,9.69,9.36,501380,550529616.0,3.4,-3.7,-0.36,0.18
2020-03-02,9.46,9.55,9.61,9.43,392451,432698832.0,1.92,2.03,0.19,0.14
2020-03-03,9.64,9.57,9.74,9.55,393325,437422560.0,1.99,0.21,0.02,0.14
2020-03-04,9.52,9.54,9.61,9.46,346284,381014624.0,1.57,-0.31,-0.03,0.12
2020-03-05,9.59,9.83,9.83,9.54,730479,819311472.0,3.04,3.04,0.29,0.26
2020-03-06,9.74,9.63,9.79,9.62,415878,464404000.0,1.73,-2.03,-0.2,0.15
2020-03-09,9.51,9.29,9.51,9.26,594952,644379968.0,2.6,-3.53,-0.34,0.21
2020-03-10,9.22,9.38,9.47,9.21,447617,485896704.0,2.8,0.97,0.09,0.16
2020-03-11,9.44,9.28,9.44,9.28,316888,343734176.0,1.71,-1.07,-0.1,0.11
2020-03-12,9.26,9.15,9.26,9.12,326324,348157968.0,1.51,-1.4,-0.13,0.12
2020-03-13,8.91,9.21,9.24,8.79,574571,603756304.0,4.92,0.66,0.06,0.2
2020-03-16,9.21,9.02,9.29,9.01,476499,507308320.0,3.04,-2.06,-0.19,0.17
2020-03-17,9.19,8.94,9.2,8.8,421390,440636624.0,4.43,-0.89,-0.08,0.15
2020-03-18,8.91,8.72,9.01,8.71,331766,343553120.0,3.36,-2.46,-0.22,0.12
2020-03-19,8.7,8.45,8.85,8.37,557071,558047008.0,5.5,-3.1,-0.27,0.2
2020-03-20,8.63,8.6,8.69,8.47,426094,428744768.0,2.6,1.78,0.15,0.15
2020-03-23,8.46,8.35,8.46,8.33,282860,279043936.0,1.51,-2.91,-0.25,0.1
2020-03-24,8.54,8.57,8.64,8.49,289908,291586384.0,1.8,2.63,0.22,0.1
2020-03-25,8.71,8.66,8.78,8.63,321723,327768576.0,1.75,1.05,0.09,0.11
2020-03-26,8.61,8.74,8.88,8.59,309218,315960384.0,3.35,0.92,0.08,0.11
2020-03-27,8.86,8.75,8.89,8.71,271080,278718752.0,2.06,0.11,0.01,0.1
2020-03-30,8.69,8.79,8.79,8.62,260460,265782024.0,1.94,0.46,0.04,0.09
2020-03-31,8.81,8.66,8.87,8.64,261449,267681227.0,2.62,-1.48,-0.13,0.09
2020-04-01,8.62,8.6,8.77,8.6,224792,228559545.0,1.96,-0.69,-0.06,0.08
2020-04-02,8.6,8.71,8.71,8.58,170421,172675321.0,1.51,1.28,0.11,0.06
2020-04-03,8.64,8.66,8.72,8.63,148424,150706819.0,1.03,-0.57,-0.05,0.05
2020-04-07,8.81,8.79,8.84,8.74,238256,244911012.0,1.15,1.5,0.13,0.08
2020-04-08,8.76,8.75,8.8,8.69,179523,183606904.0,1.25,-0.46,-0.04,0.06
2020-04-09,8.77,8.71,8.8,8.69,135696,138881044.0,1.26,-0.46,-0.04,0.05
2020-04-10,8.73,8.72,8.75,8.66,166255,169625912.0,1.03,0.11,0.01,0.06
2020-04-13,8.66,8.62,8.73,8.61,119670,121315470.0,1.38,-1.15,-0.1,0.04
2020-04-14,8.68,8.76,8.76,8.63,177929,181192027.0,1.51,1.62,0.14,0.06
2020-04-15,8.71,8.69,8.78,8.66,149456,152284659.0,1.37,-0.8,-0.07,0.05
2020-04-16,8.61,8.67,8.69,8.61,144032,145969853.0,0.92,-0.23,-0.02,0.05
2020-04-17,8.69,8.71,8.74,8.66,227444,231788988.0,0.92,0.46,0.04,0.08
2020-04-20,8.66,8.62,8.7,8.6,235037,237574344.0,1.15,-1.03,-0.09,0.08
2020-04-21,8.58,8.54,8.63,8.52,175575,176508085.0,1.28,-0.93,-0.08,0.06
2020-04-22,8.53,8.58,8.58,8.49,158024,158372535.0,1.05,0.47,0.04,0.06
2020-04-23,8.61,8.57,8.61,8.52,168786,169579075.0,1.05,-0.12,-0.01,0.06
2020-04-24,8.57,8.57,8.6,8.52,169731,170599170.0,0.93,0.0,0.0,0.06
2020-04-27,8.66,8.85,8.93,8.66,503428,520244000.0,3.15,3.27,0.28,0.18
2020-04-28,8.87,8.84,8.89,8.73,292226,301584640.0,1.81,-0.11,-0.01,0.1
2020-04-29,8.86,9.12,9.12,8.84,350568,367739392.0,3.17,3.17,0.28,0.12
2020-04-30,9.09,9.14,9.3,9.07,309070,330157488.0,2.52,0.22,0.02,0.11
2020-05-06,8.95,8.97,9.0,8.87,413784,431336736.0,1.42,-1.86,-0.17,0.15
2020-05-07,8.96,8.9,8.97,8.88,262117,272516384.0,1.0,-0.78,-0.07,0.09
2020-05-08,8.95,8.95,9.0,8.91,209277,218698514.0,1.01,0.56,0.05,0.07
2020-05-11,8.95,8.94,9.05,8.93,214725,224819916.0,1.34,-0.11,-0.01,0.08
2020-05-12,8.95,8.85,8.99,8.85,194059,201474588.0,1.57,-1.01,-0.09,0.07
2020-05-13,8.82,8.89,8.9,8.79,155743,160783648.0,1.24,0.45,0.04,0.06
2020-05-14,8.83,8.81,8.87,8.78,158924,163558192.0,1.01,-0.9,-0.08,0.06
2020-05-15,8.87,8.79,8.89,8.77,137538,141846602.0,1.36,-0.23,-0.02,0.05
2020-05-18,8.79,8.83,8.94,8.76,156759,162140715.0,2.05,0.46,0.04,0.06
2020-05-19,8.96,8.86,8.96,8.85,125770,130445254.0,1.25,0.34,0.03,0.04
2020-05-20,8.88,8.92,8.93,8.84,200463,208195248.0,1.02,0.68,0.06,0.07
2020-05-21,8.95,8.84,8.95,8.84,143617,149140643.0,1.23,-0.9,-0.08,0.05
2020-05-22,8.81,8.65,8.85,8.65,237229,243204611.0,2.26,-2.15,-0.19,0.08
2020-05-25,8.81,8.78,8.82,8.64,157220,160438358.0,2.08,1.5,0.13,0.06
2020-05-26,8.83,8.78,8.83,8.76,143722,147713417.0,0.8,0.0,0.0,0.05
2020-05-27,8.79,8.86,8.89,8.76,201457,208419130.0,1.48,0.91,0.08,0.07
2020-05-28,8.87,9.04,9.06,8.87,382632,401358592.0,2.14,2.03,0.18,0.14
2020-05-29,8.96,9.08,9.08,8.96,306592,322828560.0,1.33,0.44,0.04,0.11
2020-06-01,9.14,9.16,9.23,9.08,286128,304346416.0,1.65,0.88,0.08,0.1
2020-06-02,9.09,9.19,9.25,9.09,259225,276609952.0,1.75,0.33,0.03,0.09
2020-06-03,9.26,9.21,9.38,9.21,273522,294473008.0,1.85,0.22,0.02,0.1
2020-06-04,9.31,9.15,9.31,9.15,175590,187688384.0,1.74,-0.65,-0.06,0.06
2020-06-05,9.19,9.18,9.2,9.07,209583,222668156.0,1.42,0.33,0.03,0.07
2020-06-08,9.15,9.12,9.23,9.11,182512,194265349.0,1.31,-0.65,-0.06,0.06
2020-06-09,9.13,9.19,9.23,9.09,172632,184089097.0,1.54,0.77,0.07,0.06
2020-06-10,9.22,9.09,9.22,9.09,166935,177440922.0,1.41,-1.09,-0.1,0.06
2020-06-11,9.09,8.99,9.12,8.96,251715,264822302.0,1.76,-1.1,-0.1,0.09
2020-06-12,9.09,9.06,9.09,8.94,255145,267574331.0,1.67,0.78,0.07,0.09
2020-06-15,8.92,8.86,9.0,8.86,254979,265574307.0,1.55,-2.21,-0.2,0.09
2020-06-16,8.95,8.96,9.01,8.91,176827,184966297.0,1.13,1.13,0.1,0.06
2020-06-17,8.95,8.98,9.02,8.94,161486,169024390.0,0.89,0.22,0.02,0.06
2020-06-18,8.93,9.01,9.08,8.9,208566,218713603.0,2.0,0.33,0.03,0.07
2020-06-19,9.07,9.12,9.19,9.01,398145,422462432.0,2.0,1.22,0.11,0.14
2020-06-22,9.08,9.06,9.17,9.04,246119,260728901.0,1.43,-0.66,-0.06,0.09
2020-06-23,9.02,8.99,9.08,8.98,196022,206109220.0,1.1,-0.77,-0.07,0.07
2020-06-24,9.05,9.11,9.12,9.01,228739,241489165.0,1.22,1.33,0.12,0.08
2020-06-29,9.14,9.08,9.24,9.0,278756,295223648.0,2.63,-0.33,-0.03,0.1
2020-06-30,9.1,9.09,9.15,9.05,228868,242601910.0,1.1,0.11,0.01,0.08
2020-07-01,9.1,9.25,9.27,9.06,366907,390832224.0,2.31,1.76,0.16,0.13
2020-07-02,9.24,9.56,9.56,9.21,609513,663308320.0,3.78,3.35,0.31,0.22
2020-07-03,9.59,9.7,9.77,9.53,822385,916157920.0,2.51,1.46,0.14,0.29
2020-07-06,9.81,10.71,10.82,9.8,1495580,1776417984.0,10.52,10.41,1.01,0.53
2020-07-07,10.96,10.62,11.2,10.61,1314698,1621839648.0,5.51,-0.84,-0.09,0.47
2020-07-08,10.68,10.65,10.95,10.54,1048792,1282339824.0,3.86,0.28,0.03,0.37
2020-07-09,10.77,10.5,10.77,10.45,913117,1101713248.0,3.0,-1.41,-0.15,0.32
2020-07-10,10.49,10.11,10.6,10.06,786119,925839424.0,5.14,-3.71,-0.39,0.28
2020-07-13,10.11,10.17,10.36,10.07,965643,1128297584.0,2.87,0.59,0.06,0.34
2020-07-14,10.12,9.89,10.2,9.84,799443,919482272.0,3.54,-2.75,-0.28,0.28
2020-07-15,9.98,9.69,9.98,9.65,924383,1042128864.0,3.34,-2.02,-0.2,0.33
2020-07-16,9.76,9.71,9.99,9.71,966142,1094090000.0,2.89,0.21,0.02,0.34
2020-07-17,9.88,9.78,9.9,9.68,686395,771657312.0,2.27,0.72,0.07,0.24
2020-07-20,9.83,10.03,10.08,9.78,787665,901216624.0,3.07,2.56,0.25,0.28
2020-07-21,10.1,10.05,10.12,9.91,550046,632576752.0,2.09,0.2,0.02,0.2
2020-07-22,10.06,10.13,10.26,10.01,986876,1147395856.0,2.49,0.8,0.08,0.35
2020-07-23,10.1,9.95,10.1,9.72,868069,937319744.0,3.75,-1.78,-0.18,0.31
2020-07-24,9.89,9.53,9.91,9.51,728864,769923504.0,4.02,-4.22,-0.42,0.26
2020-07-27,9.66,9.48,9.66,9.43,446559,465608560.0,2.41,-0.52,-0.05,0.16
2020-07-28,9.57,9.5,9.65,9.46,325993,339999712.0,2.0,0.21,0.02,0.12
2020-07-29,9.46,9.62,9.65,9.43,452566,474093216.0,2.32,1.26,0.12,0.16
2020-07-30,9.62,9.51,9.64,9.51,404435,422561056.0,1.35,-1.14,-0.11,0.14
2020-07-31,9.52,9.47,9.63,9.42,653684,679850128.0,2.21,-0.42,-0.04,0.23
2020-08-03,9.51,9.52,9.59,9.48,562720,586201744.0,1.16,0.53,0.05,0.2
2020-08-04,9.57,9.77,9.83,9.54,885225,937235104.0,3.05,2.63,0.25,0.31
2020-08-05,9.75,9.62,9.75,9.56,460113,483338976.0,1.94,-1.54,-0.15,0.16
2020-08-06,9.68,9.64,9.74,9.52,424842,445698832.0,2.29,0.21,0.02,0.15
2020-08-07,9.62,9.54,9.64,9.47,442720,461730416.0,1.76,-1.04,-0.1,0.16
2020-08-10,9.53,9.63,9.68,9.5,489740,514604352.0,1.89,0.94,0.09,0.17
2020-08-11,9.69,9.58,9.79,9.56,636732,676102352.0,2.39,-0.52,-0.05,0.23
2020-08-12,9.6,9.67,9.71,9.57,432686,455458288.0,1.46,0.94,0.09,0.15
2020-08-13,9.71,9.62,9.72,9.61,257985,271625408.0,1.14,-0.52,-0.05,0.09
2020-08-14,9.64,9.7,9.71,9.59,375845,396506224.0,1.25,0.83,0.08,0.13
2020-08-17,9.7,9.95,10.09,9.68,987427,1066482976.0,4.23,2.58,0.25,0.35
2020-08-18,9.96,9.8,9.96,9.74,540920,580056192.0,2.21,-1.51,-0.15,0.19
2020-08-19,9.8,9.69,9.85,9.68,434481,462151808.0,1.73,-1.12,-0.11,0.15
2020-08-20,9.67,9.58,9.68,9.54,535390,559975456.0,1.44,-1.14,-0.11,0.19
2020-08-21,9.67,9.61,9.67,9.56,314515,329790608.0,1.15,0.31,0.03,0.11
2020-08-24,9.68,9.57,9.68,9.55,389828,408922480.0,1.35,-0.42,-0.04,0.14
2020-08-25,9.59,9.56,9.62,9.52,378973,396122400.0,1.04,-0.1,-0.01,0.13
2020-08-26,9.55,9.48,9.56,9.46,392787,408174288.0,1.05,-0.84,-0.08,0.14
2020-08-27,9.49,9.46,9.51,9.43,304625,315213296.0,0.84,-0.21,-0.02,0.11
2020-08-28,9.46,9.57,9.57,9.42,531312,552429104.0,1.59,1.16,0.11,0.19
2020-08-31,9.57,9.47,9.62,9.43,800374,835524368.0,1.99,-1.04,-0.1,0.28
2020-09-01,9.42,9.4,9.47,9.37,539312,555922096.0,1.06,-0.74,-0.07,0.19
2020-09-02,9.39,9.29,9.4,9.23,567871,578763472.0,1.81,-1.17,-0.11,0.2
2020-09-03,9.3,9.23,9.34,9.22,408320,414701616.0,1.29,-0.65,-0.06,0.15
2020-09-04,9.18,9.18,9.26,9.12,384440,387141424.0,1.52,-0.54,-0.05,0.13
2020-09-07,9.18,9.12,9.27,9.12,585646,589509232.0,1.63,-0.65,-0.06,0.2
2020-09-08,9.18,9.16,9.2,9.12,529725,532346432.0,0.88,0.44,0.04,0.18
2020-09-09,9.12,9.12,9.19,9.11,494185,496009216.0,0.87,-0.44,-0.04,0.17
2020-09-10,9.17,9.07,9.17,9.05,541699,540727376.0,1.32,-0.55,-0.05,0.18
2020-09-11,9.06,9.03,9.07,8.96,499476,494619680.0,1.21,-0.44,-0.04,0.17
2020-09-14,9.06,9.01,9.06,8.97,388512,384257712.0,1.0,-0.22,-0.02,0.13
2020-09-15,9.02,8.97,9.03,8.96,466015,459933680.0,0.78,-0.44,-0.04,0.16
2020-09-16,8.98,8.97,9.01,8.91,514707,507227136.0,1.11,0.0,0.0,0.18
2020-09-17,8.98,8.94,9.0,8.91,431717,424496720.0,1.0,-0.33,-0.03,0.15
2020-09-18,8.95,9.05,9.05,8.91,952306,941630512.0,1.57,1.23,0.11,0.32
2020-09-21,9.05,8.95,9.08,8.94,559987,553037616.0,1.55,-1.1,-0.1,0.19
2020-09-22,8.92,8.81,8.95,8.8,659521,643194144.0,1.68,-1.56,-0.14,0.22
2020-09-23,8.82,8.74,8.83,8.73,419096,404393344.0,1.14,-0.79,-0.07,0.14
2020-09-24,8.72,8.61,8.73,8.57,538587,512493264.0,1.83,-1.49,-0.13,0.18
2020-09-25,8.61,8.58,8.64,8.57,294875,279750448.0,0.81,-0.35,-0.03,0.1
2020-09-28,8.6,8.57,8.64,8.57,262578,249063489.0,0.82,-0.12,-0.01,0.09
2020-09-29,8.61,8.54,8.63,8.54,329883,312583584.0,1.05,-0.35,-0.03,0.11
2020-09-30,8.56,8.5,8.6,8.46,390068,367745392.0,1.64,-0.47,-0.04,0.13
2020-10-09,8.55,8.53,8.59,8.51,397727,375559360.0,0.94,0.35,0.03,0.14
2020-10-12,8.56,8.7,8.74,8.53,666716,637356688.0,2.46,1.99,0.17,0.23
2020-10-13,8.69,8.65,8.7,8.63,280591,267595711.0,0.8,-0.57,-0.05,0.1
2020-10-14,8.65,8.64,8.67,8.61,429692,409511680.0,0.69,-0.12,-0.01,0.15
2020-10-15,8.65,8.73,8.83,8.64,661467,637856656.0,2.2,1.04,0.09,0.23
2020-10-16,8.72,8.83,8.88,8.71,748502,726361120.0,1.95,1.15,0.1,0.26
2020-10-19,8.84,8.76,9.04,8.75,845324,826077888.0,3.28,-0.79,-0.07,0.29
2020-10-20,8.74,8.69,8.76,8.62,466870,446894608.0,1.6,-0.8,-0.07,0.16
2020-10-21,8.69,8.81,8.81,8.62,616221,592503584.0,2.19,1.38,0.12,0.21
2020-10-22,8.78,8.76,8.87,8.7,472889,456765632.0,1.93,-0.57,-0.05,0.16
2020-10-23,8.74,8.81,8.9,8.73,709545,689493440.0,1.94,0.57,0.05,0.24
2020-10-26,8.83,8.71,8.86,8.7,527114,508770624.0,1.82,-1.14,-0.1,0.18
2020-10-27,8.7,8.59,8.7,8.59,380628,362632656.0,1.26,-1.38,-0.12,0.13
2020-10-28,8.59,8.51,8.63,8.49,458814,432093184.0,1.63,-0.93,-0.08,0.16
2020-10-29,8.46,8.48,8.56,8.45,437073,409990832.0,1.29,-0.35,-0.03,0.15
2020-10-30,8.49,8.37,8.56,8.36,560609,523487856.0,2.36,-1.3,-0.11,0.19
2020-11-02,8.39,8.36,8.44,8.33,465423,431202864.0,1.31,-0.12,-0.01,0.16
2020-11-03,8.42,8.41,8.51,8.39,678761,632973904.0,1.44,0.6,0.05,0.23
2020-11-04,8.46,8.45,8.51,8.39,502561,469008800.0,1.43,0.48,0.04,0.17
2020-11-05,8.57,8.47,8.57,8.44,558732,523812720.0,1.54,0.24,0.02,0.19
2020-11-06,8.48,8.5,8.54,8.44,639196,600129376.0,1.18,0.35,0.03,0.22
2020-11-09,8.53,8.54,8.59,8.5,889377,839142816.0,1.06,0.47,0.04,0.3
2020-11-10,8.58,8.57,8.7,8.55,842179,800256176.0,1.76,0.35,0.03,0.29
2020-11-11,8.6,8.67,8.69,8.55,641718,610306560.0,1.63,1.17,0.1,0.22
2020-11-12,8.63,8.54,8.64,8.54,518911,491018800.0,1.15,-1.5,-0.13,0.18
2020-11-13,8.52,8.47,8.52,8.44,449101,420337408.0,0.94,-0.82,-0.07,0.15
2020-11-16,8.49,8.56,8.57,8.48,318781,300508256.0,1.06,1.06,0.09,0.11
2020-11-17,8.57,8.64,8.64,8.55,472940,448873504.0,1.05,0.93,0.08,0.16
2020-11-18,8.64,8.81,8.88,8.61,1094175,1059930880.0,3.13,1.97,0.17,0.37
2020-11-19,8.81,8.85,8.89,8.75,638401,620569632.0,1.59,0.45,0.04,0.22
2020-11-20,8.79,8.78,8.83,8.72,466314,450166496.0,1.24,-0.79,-0.07,0.16
2020-11-23,8.77,9.01,9.03,8.74,926182,909448912.0,3.3,2.62,0.23,0.32
2020-11-24,9.03,8.96,9.08,8.93,612217,605831664.0,1.66,-0.55,-0.05,0.21
2020-11-25,9.01,8.92,9.1,8.92,612161,606063472.0,2.01,-0.45,-0.04,0.21
2020-11-26,8.95,9.09,9.1,8.87,715955,709188720.0,2.58,1.91,0.17,0.24
2020-11-27,9.12,9.31,9.31,9.07,1133880,1141650224.0,2.64,2.42,0.22,0.39
2020-11-30,9.41,9.17,9.64,9.17,2034989,2102112688.0,5.05,-1.5,-0.14,0.69
2020-12-01,9.19,9.41,9.46,9.12,1078122,1099269632.0,3.71,2.62,0.24,0.37
2020-12-02,9.37,9.36,9.5,9.3,787028,808812304.0,2.13,-0.53,-0.05,0.27
2020-12-03,9.34,9.35,9.39,9.27,571957,584153280.0,1.28,-0.11,-0.01,0.19
2020-12-04,9.35,9.28,9.36,9.16,473365,479183312.0,2.14,-0.75,-0.07,0.16
2020-12-07,9.22,9.1,9.28,9.01,578105,577584096.0,2.91,-1.94,-0.18,0.2
2020-12-08,9.08,9.09,9.17,9.04,315224,315079840.0,1.43,-0.11,-0.01,0.11
2020-12-09,9.09,9.02,9.2,9.02,440901,440752944.0,1.98,-0.77,-0.07,0.15
2020-12-10,9.02,8.93,9.07,8.87,394009,388252096.0,2.22,-1.0,-0.09,0.13
2020-12-11,8.95,8.81,8.99,8.8,483866,471620080.0,2.13,-1.34,-0.12,0.16
2020-12-14,8.86,8.86,8.91,8.79,387438,376928048.0,1.36,0.57,0.05,0.13
2020-12-15,8.84,8.82,8.85,8.71,393231,379468272.0,1.58,-0.45,-0.04,0.13
2020-12-16,8.83,8.76,8.89,8.75,479989,465187088.0,1.59,-0.68,-0.06,0.16
2020-12-17,8.75,8.88,8.9,8.7,429016,415257088.0,2.28,1.37,0.12,0.15
2020-12-18,8.85,8.87,8.9,8.8,318845,310411760.0,1.13,-0.11,-0.01,0.11
2020-12-21,8.81,8.86,8.88,8.76,319655,310813648.0,1.35,-0.11,-0.01,0.11
2020-12-22,8.86,8.72,8.86,8.66,504180,485974240.0,2.26,-1.58,-0.14,0.17
2020-12-23,8.71,8.66,8.75,8.59,386563,368816672.0,1.83,-0.69,-0.06,0.13
2020-12-24,8.66,8.66,8.77,8.62,248719,238279376.0,1.73,0.0,0.0,0.08
2020-12-25,8.67,8.69,8.72,8.62,224210,214427367.0,1.15,0.35,0.03,0.08
2020-12-28,8.66,8.68,8.74,8.61,337659,322826384.0,1.5,-0.12,-0.01,0.12
2020-12-29,8.7,8.64,8.73,8.63,441506,421945424.0,1.15,-0.46,-0.04,0.15
2020-12-30,8.63,8.61,8.65,8.55,548856,519975312.0,1.16,-0.35,-0.03,0.19
2020-12-31,8.62,8.79,8.8,8.6,659924,635666176.0,2.32,2.09,0.18,0.22
